data,parcela,especie,amostra,fc,seeds,genetic,dna_extracted,no_morpho,no_seeds,morpho_spp,double_checked_CIM,OG tube discarded,kept_all,look for seeds in *,new_tube,rem_seeds,mg,notes,,,,
27-Jul-2022,64,Arremon flavirostris,001,y,0,1,0,,,,,X,,,X,,80,,,,,
27-Jul-2022,64,Myiothlypis flaveola,002,y,0,0,-,,,,,,,,,,,,,,,
27-Jul-2022,64,Arremon flavirostris,003,y,0,1,0,,,,,X,,,X,,99,,,,,
27-Jul-2022,64,Arremon flavirostris,004,y,0,1,0,,,,,X,,,X,,88,,,,,
27-Jul-2022,64,Basileuterus culicivorus,005,y,0,0,-,,,,,,,,,,,,,,,
27-Jul-2022,64,Myiothlypis flaveola,006,y,0,0,-,,,,,,,,,,,,,,,
27-Jul-2022,64,Taraba major,007,y,0,1,0,,,,,X,,,X,,80,,,,,
5-Aug-2022,56,Eucometis penicillata,008,y,0,1,0,,,,,X,,,X,,60,,,,,
5-Aug-2022,56,Baryphthengus ruficapillus,009,y,0,1,0,,,,,X,,,X,,50,,,,,
9-Aug-2022,22,Basileuterus culicivorus,010,n,0,0,,,,,,,,,,,,,,,,
9-Aug-2022,22,Myiothlypis flaveola,011,n,0,0,,,,,,,,,,,,,,,,
9-Aug-2022,22,Trichothraupis melanops,012,y,0,1,0,,,,,X,,,X,,40,,,,,
9-Aug-2022,22,Platyrinchus mystaceus,013,y,0,0,-,,,,,,,,,,,,,,,
9-Aug-2022,22,Sittasomus griseicapillus,014,n,0,0,,,,,,,,,,,,,,,,
9-Aug-2022,22,Cnemotriccus fuscatus,015,y,0,1,0,,,,,,X,,,,,,,,,
9-Aug-2022,22,Turdus leucomelas,016,y,0,1,0,,,,,,X,,,,,,,,,
9-Aug-2022,22,Basileuterus culicivorus,017,y,0,0,-,,,,,,,,,,,,,,,
9-Aug-2022,22,Platyrinchus mystaceus,018,y,0,0,-,,,,,,,,,,,,,,,
9-Aug-2022,22,Thamnophilus caerulescens,019,y,0,1,0,,,,,X,,,X,,96,,,,,
9-Aug-2022,22,Thamnophilus caerulescens,020,y,0,1,0,,,,,X,,,X,,73,,,,,
9-Aug-2022,22,Myiothlypis flaveola,021,y,0,0,-,,,,,,,,,,,,,,,
9-Aug-2022,22,Sittasomus griseicapillus,022,y,0,0,-,,,,,,,,,,,,,,,
10-Aug-2022,88,Myiothlypis flaveola,023,y,0,0,-,,,,,,,,,,,,,,,
10-Aug-2022,88,Myiothlypis flaveola,024,y,0,0,-,,,,,,,,,,,,,,,
10-Aug-2022,88,Cnemotriccus fuscatus,025,y,0,1,0,,,,,,X,,,,,,,,,
10-Aug-2022,88,Asemospiza fuliginosa,026,y,0,1,0,,,,,,X,,,,,,,,,
10-Aug-2022,88,Turdus leucomelas,027,y,1,1,1,1,12,A,X,,,,,,,,,,,
10-Aug-2022,88,Turdus leucomelas,028,y,0,1,0,,,,,X,,,X,,112,,,,,
11-Aug-2022,90,Thlypopsis sordida,029,y,0,1,0,,,,,,X,,,,,,,,,
11-Aug-2022,90,Tolmomyias sulphurescens,030,y,0,1,0,,,,,,X,,,,,,,,,
11-Aug-2022,90,Arremon flavirostris,031,n,0,,,,,,,,,,,,,,,,,
11-Aug-2022,90,Thamnophilus doliatus,032,y,0,1,0,,,,,X,,,X,,84,,,,,
23-Aug-2022,20,Platyrinchus mystaceus,033,y,0,0,-,,,,,,,,,,,,,,,
23-Aug-2022,20,Arremon flavirostris,034,y,0,1,0,,,,,X,,,X,,94,,,,,
23-Aug-2022,20,Conopophaga lineata,035,y,0,0,-,,,,,,,,,,,,,,,
23-Aug-2022,20,Sittasomus griseicapillus,036,n,0,,,,,,,,,,,,,,,,,
23-Aug-2022,20,Myiothlypis flaveola,037,y,0,0,-,,,,,,,,,,,,,,,
23-Aug-2022,20,Sittasomus griseicapillus,038,y,0,0,-,,,,,,,,,,,,,,,
23-Aug-2022,20,Basileuterus culicivorus,039,y,0,0,-,,,,,,,,,,,,,,,
24-Aug-2022,64,Eucometis penicillata,040,y,1,1,0,1,56,B,X,,,,,X,,lost 2 seeds,,,,
24-Aug-2022,64,Arremon flavirostris,041,y,0,1,0,,,,,X,,,X,,98,,,,,
24-Aug-2022,64,Myiothlypis flaveola,042,y,0,0,-,,,,,,,,,,,,,,,
24-Aug-2022,64,Cnemotriccus fuscatus,043,y,1,1,0,1,4,B,X,,,,,X,,looks like 040,,,,
26-Aug-2022,84,Troglodytes aedon,044,y,0,0,-,,,,,,,,,,,,,,,
26-Aug-2022,84,Myiothlypis flaveola,045,y,0,0,-,,,,,,,,,,,,,,,
26-Aug-2022,84,Taraba major,046,y,0,1,0,,,,,X,,,,,,,,,,
26-Aug-2022,84,Myiarchus ferox,047,y,0,1,0,,,,,X,,,X,,88,,,,,
26-Aug-2022,84,Geothlypis aequinoctialis,048,y,0,1,0,,,,,,X,,,,,,,,,
26-Aug-2022,84,Eucometis penicillata,049,y,0,1,0,,,,,X,,,,,,,,,,
26-Aug-2022,84,Nemosia pileata,050,y,1,1,0,1,6,B,X,,,,X,,40,3 seeds with genetic material,,,,
26-Aug-2022,84,Coryphospingus cucullatus,051,y,0,1,0,,,,,X,,X,,,,,,,,
26-Aug-2022,84,Eucometis penicillata,052,y,1,1,1,1,31,B,X,,,,,,,,,,,
30-Aug-2022,206,Turdus leucomelas,053,y,1,1,1,2,22,B,X,,,,,,,,,,,
31-Aug-2022,87,Myiothlypis flaveola,054,y,0,0,-,,,,,,,,,,,,,,,
31-Aug-2022,87,Clibanornis rectirostris,055,y,0,0,-,,,,,,,,,,,,,,,
31-Aug-2022,87,Platyrinchus mystaceus,056,y,0,0,-,,,,,,,,,,,,,,,
31-Aug-2022,87,Stilpnia cayana,057,y,0,1,0,,,,,,X,,,,,,,,,
31-Aug-2022,87,Myiothlypis flaveola,058,y,0,0,-,,,,,,,,,,,,,,,
31-Aug-2022,87,Myiothlypis flaveola,059,y,0,0,-,,,,,,,,,,,,,,,
31-Aug-2022,87,Taraba major,060,y,0,1,0,,,,,X,,,X,,99,,,,,
31-Aug-2022,87,Lepidocolaptes angustirostris,061,y,0,0,-,,,,,,,,,,,,,,,
31-Aug-2022,87,Lepidocolaptes angustirostris,062,y,0,0,-,,,,,,,,,,,,,,,
31-Aug-2022,87,Myiarchus ferox,063,y,0,1,0,,,,,,X,,,,,,,,,
30-Aug-2022,206,Turdus leucomelas,053,y,1,1,1,2,1,C,X,,,,,,,,,,,
1-Sep-2022,207,Manacus manacus,064,y,1,1,1,1,25,E,X,,,,,,,,,,,
1-Sep-2022,207,Antilophia galeata,065,y,0,1,0,,,,,,X,,,,,,,,,
1-Sep-2022,207,Myiothlypis flaveola,066,y,0,0,-,,,,,,,,,,,,,,,
1-Sep-2022,207,Leptopogon amaurocephalus,067,y,0,1,0,,,,,,X,,,,,,,,,
1-Sep-2022,207,Turdus rufiventris,068,y,0,1,0,,,,,X,,,X,,96,,,,,
1-Sep-2022,207,Conopophaga lineata,069,n,0,,,,,,,,,,,,,,,,,
7-Sep-2022,56,Tachyphonus coronatus,070,y,1,1,1,1,23,B,X,,,,,,,,,,,
9-Sep-2022,22,Myiothlypis flaveola,071,n,0,,,,,,,,,,,,,,,,,
9-Sep-2022,22,Myiothlypis flaveola,072,y,0,0,-,,,,,,,,,,,,,,,
13-Sep-2022,56,Turdus leucomelas,073,y,1,1,1,2,20,B,X,,,,,,,,,,,
16-Sep-2022,90,Myiothlypis flaveola,074,y,0,0,-,,,,,,,,,,,,,,,
13-Sep-2022,56,Turdus leucomelas,073,y,1,1,1,2,8,H,X,,,,,,,,,,,
16-Sep-2022,90,Leptopogon amaurocephalus,075,y,1,1,0,1,7,B,X,,,,,X,,,,,,
20-Sep-2022,64,Basileuterus culicivorus,076,y,0,0,-,,,,,,,,,,,,,,,
20-Sep-2022,64,Troglodytes aedon,077,y,0,0,-,,,,,,,,,,,,,,,
20-Sep-2022,64,Coryphospingus cucullatus,078,y,0,1,0,,,,,,X,,,,,,,,,
20-Sep-2022,64,Myiothlypis flaveola,079,y,0,0,-,,,,,,,,,,,,,,,
21-Sep-2022,20,Conopophaga lineata,080,y,0,0,-,,,,,,,,,,,,,,,
21-Sep-2022,20,Coryphospingus cucullatus,081,y,0,1,0,,,,,,X,,,,,,,,,
21-Sep-2022,20,Cnemotriccus fuscatus,082,y,0,1,0,,,,,,X,,,,,,,,,
21-Sep-2022,20,Platyrinchus mystaceus,083,y,0,0,-,,,,,,,,,,,,,,,
21-Sep-2022,20,Eucometis penicillata,084,y,1,1,1,1,8,B,X,,,,,,,,,,,
21-Sep-2022,20,Myiothlypis flaveola,085,y,0,0,-,,,,,,,,,,,,,,,
21-Sep-2022,20,Basileuterus culicivorus,086,y,0,0,-,,,,,,,,,,,,,,,
21-Sep-2022,20,Antilophia galeata,087,y,1,1,0,1,1,I,X,,,,X,,96,,,,,
21-Sep-2022,20,Antilophia galeata,088,y,0,1,0,,,,,X,,,X,,71,,,,,
21-Sep-2022,20,Thamnophilus caerulescens,089,y,0,1,0,,,,,X,,,X,,67,,,,,
21-Sep-2022,20,Thamnophilus caerulescens,090,y,0,1,0,,,,,X,,,X,,93,,,,,
21-Sep-2022,20,Thamnophilus caerulescens,091,y,0,1,0,,,,,X,,,,,,,,,,
23-Sep-2022,88,Myiothlypis flaveola,092,y,0,0,-,,,,,,,,,,,,,,,
23-Sep-2022,88,Thraupis sayaca,093,y,0,1,0,,,,,X,,X,,,,check 093* for seeds,,,,
23-Sep-2022,88,Leptopogon amaurocephalus,094,y,0,1,0,,,,,,X,,,,,,,,,
30-Sep-2022,84,Myiothlypis flaveola,095,y,0,0,-,,,,,,,,,,,,,,,
30-Sep-2022,84,Myiothlypis flaveola,096,y,0,0,-,,,,,,,,,,,,,,,
30-Sep-2022,84,Myiothlypis flaveola,097,y,0,0,-,,,,,,,,,,,,,,,
4-Oct-2022,87,Euphonia violacea,098,y,0,1,0,,,,,X,,X,,,,check 098* for seeds,,,,
4-Oct-2022,87,Arremon flavirostris,099,y,1,1,0,1,3,J,X,,,,X,,40,,,,,
4-Oct-2022,87,Myiothlypis flaveola,100,y,0,0,-,,,,,,,,,,,,,,,
4-Oct-2022,87,Cnemotriccus fuscatus,101,y,0,1,0,,,,,,X,,,,,,,,,
4-Oct-2022,87,Myiothlypis flaveola,102,y,0,0,-,,,,,,,,,,,,,,,
4-Oct-2022,87,Ramphocelus carbo,103,y,1,1,0,1,1,K,X,,,,X,,60,,,,,
4-Oct-2022,87,Myiodynastes maculatus,104,y,1,1,0,2,1,B,X,,,,X,,50,,,,,
5-Oct-2022,207,Myiothlypis flaveola,105,y,0,0,-,,,,,,,,,,,,,,,
5-Oct-2022,207,Basileuterus culicivorus,106,y,0,0,-,,,,,,,,,,,,,,,
5-Oct-2022,207,Lathrotriccus euleri,107,y,0,1,0,,,,,,X,,,,,,,,,
5-Oct-2022,207,Cnemotriccus fuscatus,108,y,0,1,0,,,,,,X,,,,,,,,,
4-Oct-2022,87,Myiodynastes maculatus,104,y,1,1,0,2,1,L,X,,,,X,,50,,,,,
5-Oct-2022,207,Ramphocelus carbo,109,y,1,1,0,1,43,B,X,,,,X,,64,,,,,
5-Oct-2022,207,Ramphocelus carbo,110,y,1,1,0,3,49,M,X,,,,,,,,,,,
5-Oct-2022,207,Ramphocelus carbo,110,y,1,1,0,3,1,N,X,,,,,,,,,,,
5-Oct-2022,207,Ramphocelus carbo,110,y,1,1,0,3,1,O,X,,,,,X,,,,,,
5-Oct-2022,207,Platyrinchus mystaceus,111,n,0,,,,,,,,,,,,,,,,,
6-Oct-2022,206,Nyctidromus albicollis,112,n,0,,,,,,,,,,,,,,,,,
6-Oct-2022,206,Antilophia galeata,113,y,1,1,1,1,2,P,X,,,,,,,,,,,
6-Oct-2022,206,Myiothlypis flaveola,114,y,0,0,-,,,,,,,,,,,,,,,
6-Oct-2022,206,Myiothlypis flaveola,115,y,0,0,-,,,,,,,,,,,,,,,
6-Oct-2022,206,Conirostrum speciosum,116,y,0,1,0,,,,,,X,,,,,,,,,
6-Oct-2022,206,Basileuterus culicivorus,117,y,0,0,-,,,,,,,,,,,,,,,
11-Oct-2022,22,Leptopogon amaurocephalus,118,n,0,,,,,,,,,,,,,,,,,
11-Oct-2022,22,Leptopogon amaurocephalus,119,n,0,,,,,,,,,,,,,,,,,
11-Oct-2022,22,Turdus leucomelas,120,y,0,1,0,,,,,,X,,,,,,,,,
11-Oct-2022,22,Platyrinchus mystaceus,121,n,0,,,,,,,,,,,,,,,,,
11-Oct-2022,22,Eucometis penicillata,122,y,0,1,0,,,,,,X,,,,,,,,,
11-Oct-2022,22,Myiothlypis flaveola,123,y,0,0,-,,,,,,,,,,,,,,,
11-Oct-2022,22,Sittasomus griseicapillus,124,n,0,,,,,,,,,,,,,,,,,
11-Oct-2022,22,Cnemotriccus fuscatus,125,y,0,1,0,,,,,,X,,,,,,,,,
12-Oct-2022,56,Leptotila verreauxi,126,y,0,1,0,,,,,X,,,X,,90,thought rock was seed,,,,
12-Oct-2022,56,Eucometis penicillata,127,y,0,1,0,,,,,,X,,,,,,,,,
13-Oct-2022,90,Turdus leucomelas,128,y,0,1,0,,,,,X,,,X,,54,,,,,
13-Oct-2022,90,Myiothlypis flaveola,129,n,0,,,,,,,,,,,,,,,,,
13-Oct-2022,90,Myiothlypis flaveola,130,y,0,0,-,,,,,,,,,,,,,,,
13-Oct-2022,90,Ramphocelus carbo,131,y,0,1,0,,,,,,X,,,,,,,,,
13-Oct-2022,90,Antilophia galeata,132,y,1,1,1,1,87,F,X,,,,,,,,,,,
13-Oct-2022,90,Myiothlypis flaveola,133,y,0,0,-,,,,,,,,,,,,,,,
13-Oct-2022,90,Leptotila verreauxi,134,y,0,1,0,,,,,X,,,X,,60,,,,,
18-Oct-2022,20,Arremon flavirostris,135,y,0,1,0,,,,,,X,,,,,,,,,
18-Oct-2022,20,Myiarchus ferox,136,y,1,1,0,1,1,B,X,,,,,X,,"detected in DNA, but cut due to low reads",,,,
18-Oct-2022,20,Automolus leucophthalmus,137,y,0,0,-,,,,,,,,,,,,,,,
18-Oct-2022,20,Myiodynastes maculatus,138,n,0,,,,,,,,,,,,,,,,,
18-Oct-2022,20,Myiothlypis flaveola,139,y,0,0,-,,,,,,,,,,,,,,,
18-Oct-2022,20,Antilophia galeata,140,y,0,1,0,,,,,X,,X,,,,check 140* for seeds,,,,
18-Oct-2022,20,Leptopogon amaurocephalus,141,y,0,1,0,,,,,,X,,,,,,,,,
18-Oct-2022,20,Myiarchus ferox,142,y,0,1,0,,,,,X,,,X,,67,,,,,
18-Oct-2022,20,Platyrinchus mystaceus,143,y,0,0,-,,,,,,,,,,,,,,,
20-Oct-2022,64,Arremon flavirostris,144,y,0,1,0,,,,,,X,,,,,,,,,
20-Oct-2022,64,Myiothlypis flaveola,145,y,0,0,-,,,,,,,,,,,,,,,
20-Oct-2022,64,Arremon flavirostris,146,y,0,1,0,,,,,X,,,X,,54,,,,,
20-Oct-2022,64,Leptopogon amaurocephalus,147,y,0,1,0,,,,,,,X,,,,check 147a for seeds,,,,
20-Oct-2022,64,Tolmomyias sulphurescens,148,y,0,1,0,,,,,,X,,,,,,,,,
20-Oct-2022,64,Myiothlypis flaveola,149,y,0,0,-,,,,,,,,,,,,,,,
20-Oct-2022,64,Turdus leucomelas,150,y,0,1,0,,,,,X,,X,X,,80,,,,,
20-Oct-2022,64,Myiothlypis flaveola,151,y,0,0,-,,,,,,,,,,,,,,,
20-Oct-2022,64,Dryobates passerinus,152,y,0,0,-,,,,,,,,,,,,,,,
22-Oct-2022,88,Myiothlypis flaveola,153,y,0,0,-,,,,,,,,,,,,,,,
29-Oct-2022,87,Myiothlypis flaveola,154,y,0,0,-,,,,,,,,,,,,,,,
29-Oct-2022,87,Arremon flavirostris,155,y,0,1,0,,,,,,X,,,,,,,,,
29-Oct-2022,87,Synallaxis frontalis,156,n,0,,,,,,,,,,,,,,,,,
29-Oct-2022,87,Synallaxis frontalis,157,n,0,,,,,,,,,,,,,,,,,
29-Oct-2022,87,Myiarchus ferox,158,y,0,1,0,,,,,X,,,,,,,,,,
29-Oct-2022,87,Coereba flaveola,159,n,0,,,,,,,,,,,,,,,,,
29-Oct-2022,87,Coereba flaveola,160,n,0,,,,,,,,,,,,,,,,,
29-Oct-2022,87,Arremon flavirostris,161,y,0,1,0,,,,,,X,,,,,,,,,
29-Oct-2022,87,Cnemotriccus fuscatus,162,n,0,,,,,,,,,,,,,,,,,
29-Oct-2022,87,Myiodynastes maculatus,163,y,0,1,0,,,,,X,,X,,,,check 163* for seeds,,,,
29-Oct-2022,87,Myiodynastes maculatus,164,n,0,,,,,,,,,,,,,,,,,
29-Oct-2022,87,Myiothlypis flaveola,165,n,0,,,,,,,,,,,,,,,,,
1-Nov-2022,84,Coryphospingus cucullatus,166,y,0,1,0,,,,,,X,,,,,,,,,
2-Nov-2022,206,Cnemotriccus fuscatus,167,y,0,1,0,,,,,,X,,,,,,,,,
2-Nov-2022,206,Lepidocolaptes angustirostris,168,y,0,0,-,,,,,,,,,,,,,,,
4-Nov-2022,207,Malacoptila striata,169,y,0,0,-,,,,,,,,,,,,,,,
4-Nov-2022,207,Cnemotriccus fuscatus,170,y,0,1,0,,,,,,X,,,,,,,,,
4-Nov-2022,207,Platyrinchus mystaceus,171,y,0,0,-,,,,,,,,,,,,,,,
4-Nov-2022,207,Galbula ruficauda,172,y,0,0,-,,,,,,,,,,,,,,,
8-Nov-2022,90,Synallaxis frontalis,173,y,0,0,-,,,,,,,,,,,,,,,
8-Nov-2022,90,Lathrotriccus euleri,174,n,0,,,,,,,,,,,,,,,,,
8-Nov-2022,90,Leptotila verreauxi,175,y,0,1,0,,,,,X,,,X,,75,,,,,
8-Nov-2022,90,Myiarchus ferox,176,n,0,,,,,,,,,,,,,,,,,
8-Nov-2022,90,Myiarchus ferox,177,y,0,1,0,,,,,X,,X,,,,,,,,
8-Nov-2022,90,Myiarchus ferox,178,y,0,1,0,,,,,,X,,,,,,,,,
8-Nov-2022,90,Stilpnia cayana,179,y,0,1,1,,,,,X,,,,,,"no seeds, just fruit material",,,,
8-Nov-2022,90,Myiarchus ferox,180,y,0,1,0,,,,,,X,,,,,,,,,
8-Nov-2022,90,Turdus amaurochalinus,181,y,1,1,1,1,41,E,X,,,,,,,~ 25 lost to dna extrac,,,,
8-Nov-2022,90,Leptotila verreauxi,182,y,0,1,0,,,,,X,,,X,,84,,,,,
8-Nov-2022,90,Volatinia jacarina,183,y,0,1,0,,,,,,X,,,,,,,,,
8-Nov-2022,90,Conirostrum speciosum,184,n,0,,,,,,,,,,,,,,,,,
8-Nov-2022,90,Volatinia jacarina,185,y,0,1,0,,,,,,X,,,,,,,,,
8-Nov-2022,90,Synallaxis frontalis,186,n,0,,,,,,,,,,,,,,,,,
9-Nov-2022,20,Synallaxis ruficapilla,187,n,0,,,,,,,,,,,,,,,,,
9-Nov-2022,20,Platyrinchus mystaceus,188,n,0,,,,,,,,,,,,,,,,,
9-Nov-2022,20,Platyrinchus mystaceus,189,n,0,,,,,,,,,,,,,,,,,
9-Nov-2022,20,Thlypopsis sordida,190,y,0,1,0,,,,,,X,,,,,,,,,
9-Nov-2022,20,Leptopogon amaurocephalus,191,y,0,1,0,,,,,,X,,,,,,,,,
9-Nov-2022,20,Eucometis penicillata,192,y,0,1,0,,,,,X,,,X,,50,,,,,
9-Nov-2022,20,Arremon flavirostris,193,y,0,1,0,,,,,,X,,,,,,,,,
9-Nov-2022,20,Platyrinchus mystaceus,194,n,0,,,,,,,,,,,,,,,,,
18-Nov-2022,56,Antilophia galeata,195,y,1,1,1,3,2,T,X,,,,,,,red fruit bits,,,,
19-Nov-2022,88,Basileuterus culicivorus,196,y,0,0,-,,,,,,,,,,,,,,,
19-Nov-2022,88,Coereba flaveola,197,y,0,0,-,,,,,,,,,,,,,,,
18-Nov-2022,56,Antilophia galeata,195,y,1,1,1,3,2,U,X,,,,,,,,,,,
18-Nov-2022,56,Antilophia galeata,195,y,1,1,1,3,15,V,X,,,,,,,,,,,
19-Nov-2022,88,Turdus leucomelas,198,y,1,1,1,1,3,W,X,,,,,,,,,,,
19-Nov-2022,88,Turdus amaurochalinus,199,y,1,1,1,1,1,X,X,,,,,,,,,,,
19-Nov-2022,88,Turdus leucomelas,200,y,0,1,0,,,,,X,,,X,,-,,,,,
19-Nov-2022,88,Turdus leucomelas,201,y,1,1,1,1,2,X,X,,,,,,,,,,,
19-Nov-2022,88,Myiothlypis flaveola,202,n,0,,,,,,,,,,,,,,,,,
19-Nov-2022,88,Pitangus sulphuratus,203,y,0,1,0,,,,,,X,,,,,,,,,
22-Nov-2022,22,Myiothlypis flaveola,204,y,0,0,-,,,,,,,,,,,,,,,
22-Nov-2022,22,Myiothlypis flaveola,205,y,0,0,-,,,,,,,,,,,,,,,
22-Nov-2022,22,Myiothlypis flaveola,206,y,0,0,-,,,,,,,,,,,,,,,
22-Nov-2022,22,Myiothlypis flaveola,207,y,0,0,-,,,,,,,,,,,,,,,
7-Dec-2022,64,Leptopogon amaurocephalus,208,y,0,1,0,,,,,,X,,,,,,,,,
8-Dec-2022,207,Habia rubica,209,y,0,1,0,,,,,,X,,,,,,,,,
8-Dec-2022,207,Myiothlypis flaveola,210,y,0,0,-,,,,,,,,,,,,,,,
9-Dec-2022,87,Coereba flaveola,211,y,0,0,-,,,,,,,,,,,,,,,
9-Dec-2022,87,Thraupis sayaca,212,y,1,1,0,2,8,E,X,,,,,,,check 212* for seeds,,,,
9-Dec-2022,87,Thraupis sayaca,212,y,1,1,0,2,1,Y,X,,,,,,,check 212* for seeds,,,,
9-Dec-2022,87,Coryphospingus cucullatus,213,y,0,1,0,,,,,,X,,,,,,,,,
9-Dec-2022,87,Tolmomyias sulphurescens,214,y,0,1,0,,,,,,X,,,,,check 214* for seeds,,,,
9-Dec-2022,87,Leptopogon amaurocephalus,215,y,0,1,0,,,,,,X,,,,,,,,,
17-Dec-2022,206,Myiothlypis flaveola,216,y,0,0,-,,,,,,,,,,,,,,,
17-Dec-2022,206,Lepidocolaptes angustirostris,217,y,0,0,-,,,,,,,,,,,,,,,
19-Dec-2022,84,Myiothlypis flaveola,218,y,0,0,-,,,,,,,,,,,,,,,
19-Dec-2022,84,Synallaxis frontalis,219,y,0,0,-,,,,,,,,,,,,,,,
19-Dec-2022,84,Thraupis sayaca,220,y,0,1,0,,,,,X,,,X,,115,"looks like papaya or goiaba! no seeds, just pulp",,,,
21-Dec-2022,56,Conopophaga lineata,221,y,0,0,-,,,,,,,,,,,,,,,
21-Dec-2022,56,Arremon flavirostris,222,y,0,1,0,,,,,X,,X,,,,check 222* for seeds,,,,
21-Dec-2022,56,Myiodynastes maculatus,223,y,0,1,0,,,,,X,,X,,,90,"looks like fruit, no seeds observed",,,,
21-Dec-2022,56,Myiothlypis flaveola,224,y,0,0,-,,,,,,,,,,,,,,,
22-Dec-2022,20,Eucometis penicillata,225,y,0,1,0,,,,,X,,,X,,53,,,,,
22-Dec-2022,20,Sporophila sp.,226,y,0,1,0,,,,,,X,,,,,,,,,
22-Dec-2022,20,Sporophila sp.,227,y,0,1,0,,,,,,X,,,,,,,,,
22-Dec-2022,20,Platyrinchus mystaceus,228,y,0,0,-,,,,,,,,,,,,,,,
22-Dec-2022,20,Platyrinchus mystaceus,229,y,0,0,-,,,,,,,,,,,,,,,
22-Dec-2022,20,Eucometis penicillata,230,y,0,1,0,,,,,,X,,,,,,,,,
22-Dec-2022,20,Myiothlypis flaveola,231,y,0,0,-,,,,,,,,,,,,,,,
22-Dec-2022,20,Tolmomyias sulphurescens,232,y,0,1,0,,,,,X,,,X,,73,,,,,
22-Dec-2022,20,Synallaxis ruficapilla,233,y,0,0,-,,,,,,,,,,,,,,,
22-Dec-2022,20,Leptotila verreauxi,234,y,0,1,0,,,,,X,,,X,,88,,,,,
22-Dec-2022,20,Galbula ruficauda,235,n,0,,,,,,,,,,,,,,,,,
23-Dec-2022,90,Myiothlypis flaveola,236,y,0,0,-,,,,,,,,,,,,,,,
23-Dec-2022,90,Myiarchus ferox,237,y,0,1,0,,,,,X,,X,,,,check 237* for seeds,,,,
23-Dec-2022,90,Pitangus sulphuratus,238,y,1,1,0,1,22,E,X,,X,,,,,"count seeds in 238*, not sucessfully sequenced ",,,,
23-Dec-2022,90,Myiarchus ferox,239,n,0,,,,,,,,,,,,,,,,,
23-Dec-2022,90,Leptotila verreauxi,240,y,0,1,0,,,,,X,,,X,,88,,,,,
23-Dec-2022,90,Myiarchus ferox,241,y,1,1,0,1,27,E,X,,,,X,,30,,,,,
23-Dec-2022,90,Pitangus sulphuratus,242,y,1,1,1,1,20,E,X,,,,,,,,,,,
23-Dec-2022,90,Pitangus sulphuratus,243,y,1,1,0,1,195,E,X,,,,X,,100,lost a seed or 2,,,,
23-Dec-2022,90,Pitangus sulphuratus,244,y,1,1,0,1,56,E,X,,,,X,,55,,,,,
23-Dec-2022,90,Myiarchus ferox,245,y,0,1,0,,,,,,X,,,,,,,,,
23-Dec-2022,90,Myiarchus ferox,246,y,1,1,0,1,25,E,X,,,,X,,60,,,,,
23-Dec-2022,90,Myiarchus ferox,247,y,0,1,0,,,,,,X,,,,,,,,,
23-Dec-2022,90,Pitangus sulphuratus,248,y,0,1,0,,,,,,X,,,,,,,,,
23-Dec-2022,90,Pitangus sulphuratus,249,n,0,,,,,,,,,,,,,,,,,
27-Dec-2022,64,Sporophila sp.,250,y,0,1,0,,,,,,X,,,,,,,,,
2-Jan-2023,88,Leptopogon amaurocephalus,251,y,0,1,0,,,,,,X,,,,,,,,,
2-Jan-2023,88,Thlypopsis sordida,252,y,1,1,0,1,38,E,X,,,,X,,20,not successfully sequenced,,,,
2-Jan-2023,88,Tachyphonus coronatus,253,y,1,1,1,1,55,E,X,,,,,,,,,,,
2-Jan-2023,88,Lathrotriccus euleri,254,n,0,,,,,,,,,,,,,,,,,
2-Jan-2023,88,Antilophia galeata,255,y,1,1,1,2,64,E,X,,,,,,,,,,,
2-Jan-2023,88,Antilophia galeata,255,y,1,1,1,2,1,Z,X,,,,,,,,,,,
3-Jan-2023,84,Synallaxis frontalis,256,y,0,0,-,,,,,,,,,,,,,,,
3-Jan-2023,84,Turdus leucomelas,257,y,1,1,0,1,6,AA,X,,,,,X,,,,,,
3-Jan-2023,84,Thamnophilus doliatus,258,y,0,0,-,,,,,,,,,,,,,,,
3-Jan-2023,84,Euphonia violacea,259,y,0,1,0,,,,,X,,,X,,60,,,,,
3-Jan-2023,84,Euphonia violacea,260,y,0,1,0,,,,,X,,,X,,100,,,,,
3-Jan-2023,84,Leptotila verreauxi,261,n,0,,,,,,,,,,,,,,,,,
3-Jan-2023,84,Turdus leucomelas,262,y,0,1,0,,,,,X,,,X,,70,maybe floral structures?,,,,
3-Jan-2023,84,Clibanornis rectirostris,263,y,0,0,-,,,,,,,,,,,,,,,
3-Jan-2023,84,Dryobates passerinus,264,n,0,,,,,,,,,,,,,,,,,
3-Jan-2023,84,Myiarchus ferox,265,y,0,1,0,,,,,,X,,,,,,,,,
16-Jan-2023,22,Synallaxis ruficapilla,266,n,0,,,,,,,,,,,,,,,,,
16-Jan-2023,22,Conopophaga lineata,267,y,0,0,-,,,,,,,,,,,,,,,
16-Jan-2023,22,Antilophia galeata,268,y,1,1,1,3,1,AD,X,,,,,,,,,,,
16-Jan-2023,22,Antilophia galeata,268,y,1,1,1,3,4,AE,X,,,,,,,,,,,
16-Jan-2023,22,Antilophia galeata,268,y,1,1,1,3,1,AF,X,,,,,,,,,,,
17-Jan-2023,87,Ramphocelus carbo,269,y,1,1,1,1,182,E,X,,,,,,,,,,,
17-Jan-2023,87,Sporophila sp.,270,y,0,1,0,,,,,,X,,,,,,,,,
17-Jan-2023,87,Arremon flavirostris,271,y,1,1,0,1,10,E,X,,X,,,,,,,,,
18-Jan-2023,207,Tachyphonus coronatus,272,y,1,1,0,1,24,AG,X,,,,X,,85,,,,,
18-Jan-2023,207,Basileuterus culicivorus,273,y,0,0,-,,,,,,,,,,,,,,,
19-Jan-2023,20,Asemospiza fuliginosa,274,y,0,1,0,,,,,,X,,,,,,,,,
19-Jan-2023,20,Antilophia galeata,275,y,0,1,0,-,-,-,,,X,,,,,,,,,
14-Feb-2023,20,Manacus manacus,286,y,1,1,1,2,3,AA,,,,,,,,,,,,
23-Jan-2023,56,Sporophila sp.,276,y,0,1,0,2,3,27,,,X,,,,,,,,,
23-Jan-2023,56,Sporophila sp.,277.1,y,0,1,0,,,,,,X,,,,,,,,,
24-Jan-2023,206,Myiothlypis flaveola,277.2,y,0,0,-,,,,,,,,,,,,,,,
24-Jan-2023,206,Sporophila sp.,278,y,0,1,0,,,,,,X,,,,,,,,,
25-Jan-2023,90,no_captures,000,-,-,,,,,,,,,,,,,,,,,
26-Jan-2023,64,Malacoptila striata,279,y,0,0,-,,,,,,,,,,,,,,,
26-Jan-2023,64,Leptotila verreauxi,280,n,0,,,,,,,,,,,,,,,,,
26-Jan-2023,64,Arremon flavirostris,281,y,0,1,0,,,,,X,,,X,,72,,,,,
03-Feb-2023,22,Conopophaga lineata,282,y,0,0,-,,,,,,,,,,,,,,,
03-Feb-2023,22,Myiothlypis flaveola,283,y,0,0,-,,,,,,,,,,,,,,,
9-Feb-2023,207,Asemospiza fuliginosa,284,y,0,1,0,,,,,,X,,,,,,,,,
10-Feb-2023,87,no_captures,000,-,-,,,,,,,,,,,,,,,,,
14-Feb-2023,20,Myiothlypis flaveola,285,n,0,,,,,,,,,,,,,,,,,
14-Feb-2023,20,Manacus manacus,286,y,1,1,1,2,1,AC,,,,,,,,,,,,
14-Feb-2023,20,Manacus manacus,287,y,1,1,0,1,1,AA,X,,,,,X,,,,,,
14-Feb-2023,20,Manacus manacus,288,y,0,1,0,,,,,,X,,,,,,,,,
14-Feb-2023,20,Asemospiza fuliginosa,289,n,0,,,,,,,,,,,,,,,,,
14-Feb-2023,20,Antilophia galeata,290,y,1,1,0,1,1,AI,X,,,,,X,,,,,,
14-Feb-2023,20,Platyrinchus mystaceus,291,y,0,0,-,,,,,,,,,,,,,,,
16-Feb-2023,88,Myiothlypis flaveola,292,y,0,0,-,,,,,,,,,,,,,,,
16-Feb-2023,88,Sporophila sp.,293,y,0,1,0,,,,,,X,,,,,,,,,
2-Mar-2023,84,Coereba flaveola,294,y,0,0,-,,,,,,,,,,,,,,,
3-Mar-2023,206,Myiothlypis flaveola,295,-,0,,,,,,,,,,,,,,,,,
8-Mar-2023,90,Leptotila verreauxi,296,y,0,1,0,,,,,X,,,X,,73,,,,,
8-Mar-2023,90,Antilophia galeata,297,y,1,1,1,1,1,AJ,,,,,,,,,,,,
9-Mar-2023,56,Thamnophilus caerulescens,298,y,0,1,0,,,,,,X,,,,,,,,,
9-Mar-2023,56,Sporophila sp.,299,y,0,1,0,,,,,,X,,,,,,,,,
9-Mar-2023,56,Myiothlypis flaveola,300,y,0,0,-,,,,,,,,,,,,,,,
9-Mar-2023,56,Leptopogon amaurocephalus,301,y,0,1,0,,,,,,X,,,,,,,,,
9-Mar-2023,56,Myiothlypis flaveola,302,y,0,0,-,,,,,,,,,,,,,,,
9-Mar-2023,56,Asemospiza fuliginosa,303,y,0,1,0,,,,,,X,,,,,,,,,
9-Mar-2023,56,Asemospiza fuliginosa,304,n,0,,,,,,,,,,,,,,,,,
9-Mar-2023,56,Coereba flaveola,305,n,0,,,,,,,,,,,,,,,,,
9-Mar-2023,56,Basileuterus culicivorus,306,y,0,0,-,,,,,,,,,,,,,,,
9-Mar-2023,56,Basileuterus culicivorus,307,y,0,0,-,,,,,,,,,,,,,,,
10-Mar-2023,22,no_captures,000,-,-,,,,,,,,,,,,,,,,,
14-Mar-2023,64,Turdus leucomelas,308,y,0,1,1,,,,,,,,,,,,,,,
14-Mar-2023,64,Leptopogon amaurocephalus,309,y,0,1,0,,,,,,X,,,,,,,,,
15-Mar-2023,87,Tyrannus melancholicus,310,y,0,1,0,,,,,X,,,X,,100,thought had seeds but doesn't,,,,
15-Mar-2023,87,Myiothlypis flaveola,311,y,0,0,-,,,,,,,,,,,,,,,
15-Mar-2023,87,Tolmomyias sulphurescens,312,y,0,1,0,,,,,X,,,X,,85,,,,,
15-Mar-2023,87,Lathrotriccus euleri,313,y,0,1,0,,,,,X,,,X,,69,,,,,
15-Mar-2023,87,Arremon flavirostris,314,y,0,1,0,,,,,X,,,X,,80,,,,,
15-Mar-2023,87,Clibanornis rectirostris,315,y,0,0,-,,,,,,,,,,,,,,,
15-Mar-2023,87,Coereba flaveola,316,y,0,0,-,,,,,,,,,,,,,,,
20-Mar-2023,207,Myiothlypis flaveola,317,y,0,0,-,,,,,,,,,,,,,,,
20-Mar-2023,207,Arremon flavirostris,318,y,0,1,0,,,,,,X,,,,,,,,,
20-Mar-2023,207,Basileuterus culicivorus,319,y,0,0,-,,,,,,,,,,,,,,,
20-Mar-2023,207,Thraupis sayaca,320,y,0,1,0,,,,,,X,,,,,,,,,
20-Mar-2023,207,Ramphocelus carbo,321,y,1,1,0,1,88,R,X,,,,x,,,7 seeds in genetic material,,,,
20-Mar-2023,207,Ramphocelus carbo,322,y,1,1,0,1,153,AK,X,,X,,,,,8 seeds in genetic material,,,,
22-Mar-2023,20,Basileuterus culicivorus,323,y,0,0,-,,,,,,,,,,,,,,,
22-Mar-2023,20,Basileuterus culicivorus,324,y,0,0,-,,,,,,,,,,,,,,,
22-Mar-2023,20,Asemospiza fuliginosa,325,y,0,1,0,,,,,,X,,,,,,,,,
22-Mar-2023,20,Leptopogon amaurocephalus,326,y,0,1,0,,,,,,X,,,,,,,,,
22-Mar-2023,20,Asemospiza fuliginosa,327,y,0,1,0,,,,,,X,,,,,,,,,
22-Mar-2023,20,Automolus leucophthalmus,328,n,0,,,,,,,,,,,,,,,,,
23-Mar-2023,88,Basileuterus culicivorus,329,y,0,0,-,,,,,,,,,,,,,,,
24-Mar-2023,84,Turdus leucomelas,330,y,0,1,0,,,,,,X,,,,,,,,,
24-Mar-2023,84,Myiothlypis flaveola,331,y,0,0,-,,,,,,,,,,,,,,,
24-Mar-2023,84,Myiothlypis flaveola,332,y,0,0,-,,,,,,,,,,,,,,,
28-Mar-2023,90,no_captures,000,-,-,,,,,,,,,,,,,,,,,
29-Mar-2023,206,Basileuterus culicivorus,333,y,0,0,-,,,,,,,,,,,,,,,
29-Mar-2023,206,Basileuterus culicivorus,334,y,0,0,-,,,,,,,,,,,,,,,
29-Mar-2023,206,Myiothlypis flaveola,335,y,0,0,-,,,,,,,,,,,,,,,
29-Mar-2023,206,Myiothlypis flaveola,336,y,0,0,-,,,,,,,,,,,,,,,
29-Mar-2023,206,Myiothlypis flaveola,337,y,0,0,-,,,,,,,,,,,,,,,
31-Mar-2023,56,Cranioleuca vulpina,338,n,0,,,,,,,,,,,,,,,,,
31-Mar-2023,56,Conopophaga lineata,339,y,0,1,0,,,,,,X,,,,,,,,,
4-Apr-2023,64,Myiothlypis flaveola,340,y,0,0,-,,,,,,,,,,,,,,,
4-Apr-2023,64,Coereba flaveola,341,y,0,0,-,,,,,,,,,,,,,,,
4-Apr-2023,64,Myiothlypis flaveola,342,y,0,0,-,,,,,,,,,,,,,,,
4-Apr-2023,64,Sporophila sp.,343,y,0,1,0,,,,,,X,,,,,,,,,
6-Apr-2023,22,Basileuterus culicivorus,344,y,0,0,-,,,,,,,,,,,,,,,
6-Apr-2023,22,Myiothlypis flaveola,345,y,0,0,-,,,,,,,,,,,,,,,
11-Apr-2023,207,Myiothlypis flaveola,346,y,0,0,-,,,,,,,,,,,,,,,
12-Abr-2023,87,Platyrinchus mystaceus,347,y,0,0,-,,,,,,,,,,,,,,,
12-Abr-2023,87,Myiothlypis flaveola,348,y,0,0,-,,,,,,,,,,,,,,,
13-Abr-2023,88,Myiothlypis flaveola x Basileuterus culicivorus,349,y,0,0,-,,,,,,,,,,,,,,,
13-Abr-2023,88,Myiothlypis flaveola,350,y,0,0,-,,,,,,,,,,,,,,,
13-Abr-2023,88,Conopophaga lineata,351,y,0,1,0,,,,,,,,X,,68,thought it had seeds but doesn't,,,,
13-Abr-2023,88,Turdus leucomelas,352,y,0,1,0,,,,,,,,,X,,"352* cehcked for seeds, just plant material",,,,
17-Abr-2023,84,Myiothlypis flaveola,353,y,0,0,-,,,,,,,,,,,,,,,
17-Abr-2023,84,Myiothlypis flaveola,354,y,0,0,-,,,,,,,,,,,,,,,
20-Abr-2023,206,Basileuterus culicivorus,355,y,0,0,-,,,,,,,,,,,,,,,
20-Abr-2023,206,Myiothlypis flaveola,356,y,0,0,-,,,,,,,,,,,,,,,
21-Abr-2023,90,Stelgidopteryx ruficollis,357,y,0,0,-,,,,,,,,,,,,,,,
25-Abr-2023,64,no_captures,000,-,-,,,,,,,,,,,,,,,,,
27-Abr-2023,88,Cnemotriccus fuscatus,358,y,0,1,0,,,,,,X,,,,,,,,,
27-Abr-2023,88,Turdus leucomelas,359,y,0,1,0,,,,,,X,,,,,,,,,
27-Abr-2023,88,Antilophia galeata,360,y,1,1,1,1,71,G,X,,X,,,,,removed 1 seed,,,,
27-Abr-2023,88,Myiothlypis flaveola,361,y,,0,-,,,,,,,,,,,,,,,
28-Abr-2023,20,Platyrinchus mystaceus,362,y,0,0,-,,,,,,,,,,,,,,,
28-Abr-2023,20,Eucometis penicillata,363,y,0,1,0,,,,,,X,,,,,,,,,
28-Abr-2023,20,Platyrinchus mystaceus,364,n,0,,,,,,,,,,,,,,,,,
01-Mai-2023,56,Lathrotriccus euleri,365,y,1,1,0,1,2,S,X,,,,X,,90,,,,,
10-Mai-2023,87,Myiothlypis flaveola x Basileuterus culicivorus,366,y,0,0,-,,,,,,,,,,,,,,,
10-Mai-2023,87,Lathrotriccus euleri,367,y,0,1,0,,,,,,X,,,,,,,,,
10-Mai-2023,87,Arremon flavirostris,368,y,0,1,0,,,,,,X,,,,,,,,,
10-Mai-2023,87,Arremon flavirostris,369,y,0,1,0,,,,,,X,,,,,,,,,
12-Mai-2023,22,Turdus amaurochalinus,370,y,0,1,0,,,,,,X,,,,,,,,,
12-Mai-2023,22,Eucometis penicillata,371,y,0,1,0,,,,,X,,X,,,,check 391* for seeds,,,,
12-Mai-2023,22,Eucometis penicillata,372,y,0,1,0,,,,,,,,X,,,removed potential seeds,,,,
12-Mai-2023,22,Eucometis penicillata,373,y,0,1,0,,,,,,X,,,,,,,,,
12-Mai-2023,22,Eucometis penicillata,374,y,0,1,0,,,,,,X,,,,,,,,,
12-Mai-2023,22,Myiothlypis flaveola x Basileuterus culicivorus,375,y,0,0,-,,,,,,,,,,,,,,,
12-Mai-2023,22,Leptotila verreauxi,376,y,0,1,0,,,,,X,,,X,,76,,,,,
12-Mai-2023,22,Lathrotriccus euleri,377,y,0,1,0,,,,,,X,,,,,,,,,
16-Mai-2023,206,Basileuterus culicivorus,378,y,0,0,-,,,,,,,,,,,,,,,
16-Mai-2023,206,Myiothlypis flaveola,379,y,0,0,-,,,,,,,,,,,,,,,
16-Mai-2023,206,Turdus leucomelas,380,y,0,1,0,,,,,,,,,,,,,,,
19-Mai-2023,84,Antilophia galeata,381,y,1,1,1,2,1,AM,,,,,,,,,,,,
19-Mai-2023,84,Antilophia galeata,381,y,1,1,1,2,2,P,,,,,,,,,,,,
23-Mai-2023,207,Thamnophilus caerulescens,382,y,0,1,0,,,,,,,,,,,thought had seeds but doesn't,,,,
23-Mai-2023,207,Platyrinchus mystaceus,383,n,0,,,,,,,,,,,,,,,,,
23-Mai-2023,207,Antilophia galeata,384,y,1,1,0,1,20,E,X,,,,,X,,couple of seeds in genetic material (added already to total),,,,
23-Mai-2023,207,Antilophia galeata,385,y,1,1,0,1,2,C,X,,,,X,,60,,,,,
23-Mai-2023,207,Myiornis auricularis,386,y,0,0,-,,,,,,,,,,,,,,,
23-Mai-2023,207,Cnemotriccus fuscatus,387,y,0,1,0,,,,,X,,,X,,68,,,,,
23-Mai-2023,207,Myiothlypis flaveola,388,y,0,0,-,,,,,,,,,,,,,,,
23-Mai-2023,207,Myiothlypis flaveola,389,y,0,0,-,,,,,,,,,,,,,,,
24-Mai-2023,90,Myiothlypis flaveola,390,y,0,0,-,,,,,,,,,,,,,,,
24-Mai-2023,90,Lathrotriccus euleri,391,y,0,1,0,,,,,,X,,,,,,,,,
25-Mai-2023,20,Platyrinchus mystaceus,392,n,0,,,,,,,,,,,,,,,,,
25-Mai-2023,20,Dysithamnus mentalis,393,y,0,1,0,,,,,,X,,,,,,,,,
25-Mai-2023,20,Platyrinchus mystaceus,394,n,0,,,,,,,,,,,,,,,,,
25-Mai-2023,20,Xenops rutilans,395,y,0,0,-,,,,,,,,,,,,,,,
30-Mai-2023,64,Myiothlypis flaveola,396,y,0,0,-,,,,,,,,,,,,,,,
30-Mai-2023,64,Leptopogon amaurocephalus,397,y,0,1,0,,,,,X,,,,,,check 397* for seeds,,,,
30-Mai-2023,64,Asemospiza fuliginosa,398,y,0,1,0,,,,,,X,,,,,,,,,
1-Jun-2023,56,Arremon flavirostris,399,n,0,,,,,,,,,,,,,,,,,
1-Jun-2023,56,Eucometis penicillata,400,y,1,1,0,1,5,AH,X,,,,,X,,,,,,
1-Jun-2023,56,Thamnophilus caerulescens,401,y,0,1,0,,,,,,X,,,,,,,,,
1-Jun-2023,56,Leptopogon amaurocephalus,402,y,0,1,0,,,,,,X,,,,,,,,,
1-Jun-2023,56,Platyrinchus mystaceus,403,y,0,0,-,,,,,,,,,,,,,,,
2-Jun-2023,88,Cnemotriccus fuscatus,404,y,0,1,0,,,,,,X,,,,,,,,,
7-Jun-2023,22,Automolus leucophthalmus,405,y,0,0,-,,,,,,,,,,,,,,,
8-Jun-2023,87,Turdus leucomelas,406,y,0,1,0,,,,,,,,,,,"looks like pulp, but just a bunch of insect bits",,,,
8-Jun-2023,87,Myiothlypis flaveola,407,y,0,0,-,,,,,,,,,,,,,,,
8-Jun-2023,87,Dryobates passerinus,408,n,0,,,,,,,,,,,,,,,,,
8-Jun-2023,87,Platyrinchus mystaceus,409,y,0,0,-,,,,,,,,,,,,,,,
8-Jun-2023,87,Antilophia galeata,410,y,1,1,1,2,1,AD,,,,,,,,,,,,
8-Jun-2023,87,Antilophia galeata,410,y,1,1,1,2,3,G,X,,,,,,,I think they are undeveloped seeds of the big one in the sample,,,,
13-Jun-2023,207,Antilophia galeata,412,y,1,1,1,3,4,C,X,,,,,,,9 undeveloped seeds,,,,
13-Jun-2023,207,Antilophia galeata,412,y,1,1,1,3,78,E,X,,,,,,,,,,,
13-Jun-2023,207,Antilophia galeata,412,y,1,1,1,3,1,P,X,,,,,,,"orange pulp, like 113",,,,
8-Jun-2023,87,Platyrinchus mystaceus,411,n,0,,,,,,,,,,,,,,,,,
13-Jun-2023,207,Malacoptila striata,413,n,0,,,,,,,,,,,,,,,,,
20-Jun-2023,206,Myiothlypis flaveola,414,y,0,0,-,,,,,,,,,,,,,,,
20-Jun-2023,206,Basileuterus culicivorus,415,y,0,0,-,,,,,,,,,,,,,,,
20-Jun-2023,206,Lathrotriccus euleri,416,y,0,1,0,,,,,X,,,X,,67,,,,,
23-Jun-2023,56,Turdus amaurochalinus,417,y,0,1,0,,,,,,X,,,,,,,,,
23-Jun-2023,56,Coereba flaveola,418,n,0,,,,,,,,,,,,,,,,,
23-Jun-2023,56,Tachyphonus coronatus,419,y,1,1,1,2,6,AG,X,,,,,,,,,,,
23-Jun-2023,56,Tachyphonus coronatus,419,y,1,1,1,2,2,AH,X,,,,,,,,,,,
23-Jun-2023,56,Tachyphonus coronatus,420,y,1,1,0,1,2,AG,X,,,,,X,,,,,,
24-Jun-2023,84,Myiothlypis flaveola,421,y,0,0,-,,,,,,,,,,,,,,,
24-Jun-2023,84,Turdus leucomelas,422,y,0,1,1,,,,,,,,,,,thought it had seeds but doesn't,,,,
24-Jun-2023,84,Myiothlypis flaveola,423,n,0,,,,,,,,,,,,,,,,,
24-Jun-2023,84,Turdus leucomelas,424,y,0,1,0,,,,,X,,,X,,80,,,,,
27-Jun-2023,90,Myiothlypis flaveola,425,y,0,0,-,,,,,,,,,,,,,,,
27-Jun-2023,90,Myiothlypis flaveola,426,y,0,0,-,,,,,,,,,,,,,,,
29-Jun-2023,64,Eucometis penicillata,427,y,0,1,0,,,,,,X,,,,,,,,,
29-Jun-2023,64,Tolmomyias sulphurescens,428,y,0,1,0,,,,,X,,,,X,,removed potential seeds,,,,
29-Jun-2023,64,Tolmomyias sulphurescens,429,y,0,1,0,,,,,,X,,,,,,,,,
29-Jun-2023,64,Sittasomus griseicapillus,430,y,0,0,-,,,,,,,,,,,,,,,
29-Jun-2023,64,Arremon flavirostris,431,y,0,1,0,,,,,,X,,,,,,,,,
29-Jun-2023,64,Tachyphonus coronatus,432,y,1,1,0,1,1,AN,X,,,,,X,,"Casearia detected in DNA, definitely not Casearia ",,,,
29-Jun-2023,64,Synallaxis ruficapilla,433,n,0,,,,,,,,,,,,,,,,,
29-Jun-2023,64,Synallaxis ruficapilla,434,n,0,,,,,,,,,,,,,,,,,
1-Jul-2023,88,no_captures,000,-,-,,,,,,,,,,,,,,,,,
4-Jul-2023,87,no_captures,000,-,-,,,,,,,,,,,,,,,,,
5-Jul-2023,20,Platyrinchus mystaceus,435,y,0,0,-,,,,,,,,,,,,,,,
5-Jul-2023,20,Platyrinchus mystaceus,436,n,0,,,,,,,,,,,,,,,,,
5-Jul-2023,20,Manacus manacus,437,y,1,1,0,1,2,AO,X,,X,,,,,437* seeds,,,,
5-Jul-2023,20,Leptopogon amaurocephalus,438,n,0,,,,,,,,,,,,,,,,,
5-Jul-2023,20,Sittasomus griseicapillus,439,y,0,0,-,,,,,,,,,,,,,,,
5-Jul-2023,20,Sittasomus griseicapillus,440,n,0,,,,,,,,,,,,,,,,,
5-Jul-2023,20,Sporophila sp.,441,y,0,1,0,,,,,,X,,,,,,,,,
7-Jul-2023,22,Baryphthengus ruficapillus,442,y,0,1,0,,,,,X,,,X,,80,,,,,
7-Jul-2023,22,Sittasomus griseicapillus,443,n,0,,,,,,,,,,,,,,,,,
7-Jul-2023,22,Myiothlypis flaveola x Basileuterus culicivorus,444,y,0,0,-,,,,,,,,,,,,,,,
7-Jul-2023,22,Myiothlypis flaveola,445,y,0,0,-,,,,,,,,,,,,,,,
7-Jul-2023,22,Sittasomus griseicapillus,446,-,0,,,,,,,,,,,,,,,,,
11-Jul-2023,207,Antilophia galeata,447,y,1,1,0,3,95,M,X,,,,X,,70,,,,,
11-Jul-2023,207,Antilophia galeata,447,y,1,1,0,3,4,E,X,,,,X,,70,,,,,
11-Jul-2023,207,Antilophia galeata,447,y,1,1,0,3,2,R,X,,,,X,,70,,,,,
13-Jul-2023,84,Basileuterus culicivorus,448,y,0,0,-,,,,,,,,,,,,,,,
14-Jul-2023,206,Leptotila verreauxi,449,y,0,1,0,,,,,,X,,,,,,,,,
14-Jul-2023,206,Myiothlypis flaveola,450,y,0,0,-,,,,,,,,,,,,,,,
14-Jul-2023,206,Arremon flavirostris,451,y,0,1,0,,,,,X,,,X,,66,,,,,
14-Jul-2023,206,Myiothlypis flaveola,452,y,0,0,-,,,,,,,,,,,,,,,
14-Jul-2023,206,Turdus leucomelas,453,y,0,1,0,,,,,,X,,,,,,,,,
18-Jul-2023,88,Myiothlypis flaveola,454,y,0,0,-,,,,,,,,,,,,,,,
18-Jul-2023,88,Turdus leucomelas,455,y,0,1,0,,,,,X,,,X,,95,,,,,
18-Jul-2023,88,Taraba major,456,y,0,1,0,,,,,X,,,X,,76,,,,,
19-Jul-2023,56,Pipraeidea melanonota,457,y,0,1,0,,,,,,X,,,X,,removed potential seeds,,,,
21-Jul-2023,90,no_captures,000,-,-,,,,,,,,,,,,,,,,,
25-Jul-2023,64,Antilophia galeata,458,y,1,1,0,3,7,P,X,,,,X,,70,,,,,
25-Jul-2023,64,Antilophia galeata,458,y,1,1,0,3,27,R,X,,,,X,,70,"2 small seeds with genetic material, added to total",,,,
25-Jul-2023,64,Antilophia galeata,458,y,1,1,0,3,1,Q,X,,,,X,,70,"2 small seeds with genetic material, added to total",,,,
25-Jul-2023,64,Myiothlypis flaveola,459,y,0,0,-,,,,,,,,,,,,,,,
25-Jul-2023,64,Thlypopsis sordida,460,y,0,1,0,,,,,,X,,,,,,,,,
25-Jul-2023,64,Coereba flaveola,461,y,0,0,-,,,,,,,,,,,,,,,
28-Jul-2023,20,Myiothlypis flaveola,462,y,0,0,-,,,,,,,,,,,,,,,
28-Jul-2023,20,Basileuterus culicivorus,463,y,0,0,-,,,,,,,,,,,,,,,
28-Jul-2023,20,Platyrinchus mystaceus,464,n,0,,,,,,,,,,,,,,,,,
28-Jul-2023,20,Platyrinchus mystaceus,465,y,0,0,-,,,,,,,,,,,,,,,
28-Jul-2023,20,Leptopogon amaurocephalus,466,y,0,1,0,,,,,,X,,,,,,,,,
28-Jul-2023,20,Myiothlypis flaveola,467,y,0,0,-,,,,,,,,,,,,,,,
28-Jul-2023,20,Manacus manacus,468,y,1,1,1,3,1,AG,X,,,,,,,,,,,
28-Jul-2023,20,Manacus manacus,468,y,1,1,1,3,1,AO,X,,,,,,,,,,,
01-Aug-2023,87,Myiothlypis flaveola,469,y,0,0,-,,,,,,,,,,,,,,,
01-Aug-2023,87,Myiothlypis flaveola,470,y,0,0,-,,,,,,,,,,,,,,,
2-Aug-2023,84,Synallaxis frontalis,471,n,0,,,,,,,,,,,,,,,,,
2-Aug-2023,84,Basileuterus culicivorus,472,y,0,0,-,,,,,,,,,,,,,,,
2-Aug-2023,84,Thlypopsis sordida,473,y,0,1,1,,,,,,,,,,,,,,,
2-Aug-2023,84,Eucometis penicillata,474,y,0,1,0,,,,,X,,,,,,,,,,
2-Aug-2023,84,Basileuterus culicivorus,475,y,0,0,-,,,,,,,,,,,,,,,
2-Aug-2023,84,Thlypopsis sordida,476,n,0,,,,,,,,,,,,,,,,,
28-Jul-2023,20,Manacus manacus,468,y,1,1,1,3,60,D,X,,,,,,,,,,,
2-Aug-2023,84,Turdus amaurochalinus,477,y,1,1,0,1,1,AQ,,,,,X,,70,,,,,
4-Aug-2023,22,Turdus leucomelas,478,y,0,1,0,,,,,X,,,X,,60,,,,,
10-Aug-2023,207,Basileuterus culicivorus,479,y,0,0,-,,,,,,,,,,,,,,,
10-Aug-2023,207,Basileuterus culicivorus,480,y,0,0,-,,,,,,,,,,,,,,,
10-Aug-2023,207,Turdus leucomelas,481,y,1,1,0,1,4,AS,X,,,,,X,,,,,,
10-Aug-2023,207,Antilophia galeata,482,y,1,1,1,2,2,AS,,,,,,,,,,,,
10-Aug-2023,207,Antilophia galeata,482,y,1,1,1,2,100,F,,,,,,,,,,,,
,,,,,,,,,1979,,,,,,,,,,,,,
,,,,,,,,,,,,,,,,,,,,,,
,,,,,,,,,,,,,,,,,,,,,,
,,,,,,,,,,,,,,,,,,,,,,
,,,,,,,,,,,,,,,,,,,,,,
,,,,,,,,,,,,,,,,,,,,,,
,,,,,,,,,,,,,,,,,,,,,,
,,,,,,,,,,,,,,,,,,,,,,
,,,,,,,,,,,,,,,,,,,,,,
,,,,,,,,,,,,,,,,,,,,,,
,,,,,,,,,,,,,,,,,,,,,,
,,,,,,,,,,,,,,,,,,,,,,
,,,,,,,,,,,,,,,,,,,,,,
,,,,,,,,,,,,,,,,,,,,,,
,,,,,,,,,,,,,,,,,,,,,,
,,,,,,,,,,,,,,,,,,,,,,
,,,,,,,,,,,,,,,,,,,,,,
,,,,,,,,,,,,,,,,,,,,,,
,,,,,,,,,,,,,,,,,,,,,,
,,,,,,,,,,,,,,,,,,,,,,
,,,,,,,,,,,,,,,,,,,,,,
,,,,,,,,,,,,,,,,,,,,,,
,,,,,,,,,,,,,,,,,,,,,,
,,,,,,,,,,,,,,,,,,,,,,
,,,,,,,,,,,,,,,,,,,,,,
,,,,,,,,,,,,,,,,,,,,,,
,,,,,,,,,,,,,,,,,,,,,,
,,,,,,,,,,,,,,,,,,,,,,
,,,,,,,,,,,,,,,,,,,,,,
,,,,,,,,,,,,,,,,,,,,,,
,,,,,,,,,,,,,,,,,,,,,,
,,,,,,,,,,,,,,,,,,,,,,
,,,,,,,,,,,,,,,,,,,,,,
,,,,,,,,,,,,,,,,,,,,,,
,,,,,,,,,,,,,,,,,,,,,,
,,,,,,,,,,,,,,,,,,,,,,
,,,,,,,,,,,,,,,,,,,,,,
,,,,,,,,,,,,,,,,,,,,,,
,,,,,,,,,,,,,,,,,,,,,,
,,,,,,,,,,,,,,,,,,,,,,
,,,,,,,,,,,,,,,,,,,,,,
,,,,,,,,,,,,,,,,,,,,,,
,,,,,,,,,,,,,,,,,,,,,,
,,,,,,,,,,,,,,,,,,,,,,
,,,,,,,,,,,,,,,,,,,,,,
,,,,,,,,,,,,,,,,,,,,,,
,,,,,,,,,,,,,,,,,,,,,,
,,,,,,,,,,,,,,,,,,,,,,
,,,,,,,,,,,,,,,,,,,,,,
,,,,,,,,,,,,,,,,,,,,,,
,,,,,,,,,,,,,,,,,,,,,,
,,,,,,,,,,,,,,,,,,,,,,
,,,,,,,,,,,,,,,,,,,,,,
,,,,,,,,,,,,,,,,,,,,,,
,,,,,,,,,,,,,,,,,,,,,,
,,,,,,,,,,,,,,,,,,,,,,
,,,,,,,,,,,,,,,,,,,,,,
,,,,,,,,,,,,,,,,,,,,,,
,,,,,,,,,,,,,,,,,,,,,,
,,,,,,,,,,,,,,,,,,,,,,
,,,,,,,,,,,,,,,,,,,,,,
,,,,,,,,,,,,,,,,,,,,,,
,,,,,,,,,,,,,,,,,,,,,,
,,,,,,,,,,,,,,,,,,,,,,
,,,,,,,,,,,,,,,,,,,,,,
,,,,,,,,,,,,,,,,,,,,,,
,,,,,,,,,,,,,,,,,,,,,,
,,,,,,,,,,,,,,,,,,,,,,
,,,,,,,,,,,,,,,,,,,,,,
,,,,,,,,,,,,,,,,,,,,,,
,,,,,,,,,,,,,,,,,,,,,,
,,,,,,,,,,,,,,,,,,,,,,
,,,,,,,,,,,,,,,,,,,,,,
,,,,,,,,,,,,,,,,,,,,,,
,,,,,,,,,,,,,,,,,,,,,,
,,,,,,,,,,,,,,,,,,,,,,
,,,,,,,,,,,,,,,,,,,,,,
,,,,,,,,,,,,,,,,,,,,,,
,,,,,,,,,,,,,,,,,,,,,,
,,,,,,,,,,,,,,,,,,,,,,
,,,,,,,,,,,,,,,,,,,,,,
,,,,,,,,,,,,,,,,,,,,,,
,,,,,,,,,,,,,,,,,,,,,,
,,,,,,,,,,,,,,,,,,,,,,
,,,,,,,,,,,,,,,,,,,,,,
,,,,,,,,,,,,,,,,,,,,,,
,,,,,,,,,,,,,,,,,,,,,,
,,,,,,,,,,,,,,,,,,,,,,
,,,,,,,,,,,,,,,,,,,,,,
,,,,,,,,,,,,,,,,,,,,,,
,,,,,,,,,,,,,,,,,,,,,,
,,,,,,,,,,,,,,,,,,,,,,
,,,,,,,,,,,,,,,,,,,,,,
,,,,,,,,,,,,,,,,,,,,,,
,,,,,,,,,,,,,,,,,,,,,,
,,,,,,,,,,,,,,,,,,,,,,
,,,,,,,,,,,,,,,,,,,,,,
,,,,,,,,,,,,,,,,,,,,,,
,,,,,,,,,,,,,,,,,,,,,,
,,,,,,,,,,,,,,,,,,,,,,
,,,,,,,,,,,,,,,,,,,,,,
,,,,,,,,,,,,,,,,,,,,,,
,,,,,,,,,,,,,,,,,,,,,,
,,,,,,,,,,,,,,,,,,,,,,
,,,,,,,,,,,,,,,,,,,,,,
,,,,,,,,,,,,,,,,,,,,,,
,,,,,,,,,,,,,,,,,,,,,,
,,,,,,,,,,,,,,,,,,,,,,
,,,,,,,,,,,,,,,,,,,,,,
,,,,,,,,,,,,,,,,,,,,,,
,,,,,,,,,,,,,,,,,,,,,,
,,,,,,,,,,,,,,,,,,,,,,
,,,,,,,,,,,,,,,,,,,,,,
,,,,,,,,,,,,,,,,,,,,,,
,,,,,,,,,,,,,,,,,,,,,,
,,,,,,,,,,,,,,,,,,,,,,
,,,,,,,,,,,,,,,,,,,,,,
,,,,,,,,,,,,,,,,,,,,,,
,,,,,,,,,,,,,,,,,,,,,,
,,,,,,,,,,,,,,,,,,,,,,
,,,,,,,,,,,,,,,,,,,,,,
,,,,,,,,,,,,,,,,,,,,,,
,,,,,,,,,,,,,,,,,,,,,,
,,,,,,,,,,,,,,,,,,,,,,
,,,,,,,,,,,,,,,,,,,,,,
,,,,,,,,,,,,,,,,,,,,,,
,,,,,,,,,,,,,,,,,,,,,,
,,,,,,,,,,,,,,,,,,,,,,
,,,,,,,,,,,,,,,,,,,,,,
,,,,,,,,,,,,,,,,,,,,,,
,,,,,,,,,,,,,,,,,,,,,,
,,,,,,,,,,,,,,,,,,,,,,
,,,,,,,,,,,,,,,,,,,,,,
,,,,,,,,,,,,,,,,,,,,,,
,,,,,,,,,,,,,,,,,,,,,,
,,,,,,,,,,,,,,,,,,,,,,
,,,,,,,,,,,,,,,,,,,,,,
,,,,,,,,,,,,,,,,,,,,,,
,,,,,,,,,,,,,,,,,,,,,,
,,,,,,,,,,,,,,,,,,,,,,
,,,,,,,,,,,,,,,,,,,,,,
,,,,,,,,,,,,,,,,,,,,,,
,,,,,,,,,,,,,,,,,,,,,,
,,,,,,,,,,,,,,,,,,,,,,
,,,,,,,,,,,,,,,,,,,,,,
,,,,,,,,,,,,,,,,,,,,,,
,,,,,,,,,,,,,,,,,,,,,,
,,,,,,,,,,,,,,,,,,,,,,
,,,,,,,,,,,,,,,,,,,,,,
,,,,,,,,,,,,,,,,,,,,,,
,,,,,,,,,,,,,,,,,,,,,,
,,,,,,,,,,,,,,,,,,,,,,
,,,,,,,,,,,,,,,,,,,,,,
,,,,,,,,,,,,,,,,,,,,,,
,,,,,,,,,,,,,,,,,,,,,,
,,,,,,,,,,,,,,,,,,,,,,
,,,,,,,,,,,,,,,,,,,,,,
,,,,,,,,,,,,,,,,,,,,,,
,,,,,,,,,,,,,,,,,,,,,,
,,,,,,,,,,,,,,,,,,,,,,
,,,,,,,,,,,,,,,,,,,,,,
,,,,,,,,,,,,,,,,,,,,,,
,,,,,,,,,,,,,,,,,,,,,,
,,,,,,,,,,,,,,,,,,,,,,
,,,,,,,,,,,,,,,,,,,,,,
,,,,,,,,,,,,,,,,,,,,,,
,,,,,,,,,,,,,,,,,,,,,,
,,,,,,,,,,,,,,,,,,,,,,
,,,,,,,,,,,,,,,,,,,,,,
,,,,,,,,,,,,,,,,,,,,,,
,,,,,,,,,,,,,,,,,,,,,,
,,,,,,,,,,,,,,,,,,,,,,
,,,,,,,,,,,,,,,,,,,,,,
,,,,,,,,,,,,,,,,,,,,,,
,,,,,,,,,,,,,,,,,,,,,,
,,,,,,,,,,,,,,,,,,,,,,
,,,,,,,,,,,,,,,,,,,,,,
,,,,,,,,,,,,,,,,,,,,,,
,,,,,,,,,,,,,,,,,,,,,,
,,,,,,,,,,,,,,,,,,,,,,
,,,,,,,,,,,,,,,,,,,,,,
,,,,,,,,,,,,,,,,,,,,,,
,,,,,,,,,,,,,,,,,,,,,,
,,,,,,,,,,,,,,,,,,,,,,
,,,,,,,,,,,,,,,,,,,,,,
,,,,,,,,,,,,,,,,,,,,,,
,,,,,,,,,,,,,,,,,,,,,,
,,,,,,,,,,,,,,,,,,,,,,
,,,,,,,,,,,,,,,,,,,,,,
,,,,,,,,,,,,,,,,,,,,,,
,,,,,,,,,,,,,,,,,,,,,,
,,,,,,,,,,,,,,,,,,,,,,
,,,,,,,,,,,,,,,,,,,,,,
,,,,,,,,,,,,,,,,,,,,,,
,,,,,,,,,,,,,,,,,,,,,,
,,,,,,,,,,,,,,,,,,,,,,
,,,,,,,,,,,,,,,,,,,,,,
,,,,,,,,,,,,,,,,,,,,,,
,,,,,,,,,,,,,,,,,,,,,,
,,,,,,,,,,,,,,,,,,,,,,
,,,,,,,,,,,,,,,,,,,,,,
,,,,,,,,,,,,,,,,,,,,,,
,,,,,,,,,,,,,,,,,,,,,,
,,,,,,,,,,,,,,,,,,,,,,
,,,,,,,,,,,,,,,,,,,,,,
,,,,,,,,,,,,,,,,,,,,,,
,,,,,,,,,,,,,,,,,,,,,,
,,,,,,,,,,,,,,,,,,,,,,
,,,,,,,,,,,,,,,,,,,,,,
,,,,,,,,,,,,,,,,,,,,,,
,,,,,,,,,,,,,,,,,,,,,,
,,,,,,,,,,,,,,,,,,,,,,
,,,,,,,,,,,,,,,,,,,,,,
,,,,,,,,,,,,,,,,,,,,,,
,,,,,,,,,,,,,,,,,,,,,,
,,,,,,,,,,,,,,,,,,,,,,
,,,,,,,,,,,,,,,,,,,,,,
,,,,,,,,,,,,,,,,,,,,,,
,,,,,,,,,,,,,,,,,,,,,,
,,,,,,,,,,,,,,,,,,,,,,
,,,,,,,,,,,,,,,,,,,,,,
,,,,,,,,,,,,,,,,,,,,,,
,,,,,,,,,,,,,,,,,,,,,,
,,,,,,,,,,,,,,,,,,,,,,
,,,,,,,,,,,,,,,,,,,,,,
,,,,,,,,,,,,,,,,,,,,,,
,,,,,,,,,,,,,,,,,,,,,,
,,,,,,,,,,,,,,,,,,,,,,
,,,,,,,,,,,,,,,,,,,,,,
,,,,,,,,,,,,,,,,,,,,,,
,,,,,,,,,,,,,,,,,,,,,,
,,,,,,,,,,,,,,,,,,,,,,
,,,,,,,,,,,,,,,,,,,,,,
,,,,,,,,,,,,,,,,,,,,,,
,,,,,,,,,,,,,,,,,,,,,,
,,,,,,,,,,,,,,,,,,,,,,
,,,,,,,,,,,,,,,,,,,,,,
,,,,,,,,,,,,,,,,,,,,,,
,,,,,,,,,,,,,,,,,,,,,,
,,,,,,,,,,,,,,,,,,,,,,
,,,,,,,,,,,,,,,,,,,,,,
,,,,,,,,,,,,,,,,,,,,,,
,,,,,,,,,,,,,,,,,,,,,,
,,,,,,,,,,,,,,,,,,,,,,
,,,,,,,,,,,,,,,,,,,,,,
,,,,,,,,,,,,,,,,,,,,,,
,,,,,,,,,,,,,,,,,,,,,,
,,,,,,,,,,,,,,,,,,,,,,
,,,,,,,,,,,,,,,,,,,,,,
,,,,,,,,,,,,,,,,,,,,,,
,,,,,,,,,,,,,,,,,,,,,,
,,,,,,,,,,,,,,,,,,,,,,
,,,,,,,,,,,,,,,,,,,,,,
,,,,,,,,,,,,,,,,,,,,,,
,,,,,,,,,,,,,,,,,,,,,,
,,,,,,,,,,,,,,,,,,,,,,
,,,,,,,,,,,,,,,,,,,,,,
,,,,,,,,,,,,,,,,,,,,,,
,,,,,,,,,,,,,,,,,,,,,,
,,,,,,,,,,,,,,,,,,,,,,
,,,,,,,,,,,,,,,,,,,,,,
,,,,,,,,,,,,,,,,,,,,,,
,,,,,,,,,,,,,,,,,,,,,,
,,,,,,,,,,,,,,,,,,,,,,
,,,,,,,,,,,,,,,,,,,,,,
,,,,,,,,,,,,,,,,,,,,,,
,,,,,,,,,,,,,,,,,,,,,,
,,,,,,,,,,,,,,,,,,,,,,
,,,,,,,,,,,,,,,,,,,,,,
,,,,,,,,,,,,,,,,,,,,,,
,,,,,,,,,,,,,,,,,,,,,,
,,,,,,,,,,,,,,,,,,,,,,
,,,,,,,,,,,,,,,,,,,,,,
,,,,,,,,,,,,,,,,,,,,,,
,,,,,,,,,,,,,,,,,,,,,,
,,,,,,,,,,,,,,,,,,,,,,
,,,,,,,,,,,,,,,,,,,,,,
,,,,,,,,,,,,,,,,,,,,,,
,,,,,,,,,,,,,,,,,,,,,,
,,,,,,,,,,,,,,,,,,,,,,
,,,,,,,,,,,,,,,,,,,,,,
,,,,,,,,,,,,,,,,,,,,,,
,,,,,,,,,,,,,,,,,,,,,,
,,,,,,,,,,,,,,,,,,,,,,
,,,,,,,,,,,,,,,,,,,,,,
,,,,,,,,,,,,,,,,,,,,,,
,,,,,,,,,,,,,,,,,,,,,,
,,,,,,,,,,,,,,,,,,,,,,
,,,,,,,,,,,,,,,,,,,,,,
,,,,,,,,,,,,,,,,,,,,,,
,,,,,,,,,,,,,,,,,,,,,,
,,,,,,,,,,,,,,,,,,,,,,
,,,,,,,,,,,,,,,,,,,,,,
,,,,,,,,,,,,,,,,,,,,,,
,,,,,,,,,,,,,,,,,,,,,,
,,,,,,,,,,,,,,,,,,,,,,
,,,,,,,,,,,,,,,,,,,,,,
,,,,,,,,,,,,,,,,,,,,,,
,,,,,,,,,,,,,,,,,,,,,,
,,,,,,,,,,,,,,,,,,,,,,
,,,,,,,,,,,,,,,,,,,,,,
,,,,,,,,,,,,,,,,,,,,,,
,,,,,,,,,,,,,,,,,,,,,,
,,,,,,,,,,,,,,,,,,,,,,
,,,,,,,,,,,,,,,,,,,,,,
,,,,,,,,,,,,,,,,,,,,,,
,,,,,,,,,,,,,,,,,,,,,,
,,,,,,,,,,,,,,,,,,,,,,
,,,,,,,,,,,,,,,,,,,,,,
,,,,,,,,,,,,,,,,,,,,,,
,,,,,,,,,,,,,,,,,,,,,,
,,,,,,,,,,,,,,,,,,,,,,
,,,,,,,,,,,,,,,,,,,,,,
,,,,,,,,,,,,,,,,,,,,,,
,,,,,,,,,,,,,,,,,,,,,,
,,,,,,,,,,,,,,,,,,,,,,
,,,,,,,,,,,,,,,,,,,,,,
,,,,,,,,,,,,,,,,,,,,,,
,,,,,,,,,,,,,,,,,,,,,,
,,,,,,,,,,,,,,,,,,,,,,
,,,,,,,,,,,,,,,,,,,,,,
,,,,,,,,,,,,,,,,,,,,,,
,,,,,,,,,,,,,,,,,,,,,,
,,,,,,,,,,,,,,,,,,,,,,
,,,,,,,,,,,,,,,,,,,,,,
,,,,,,,,,,,,,,,,,,,,,,
,,,,,,,,,,,,,,,,,,,,,,
,,,,,,,,,,,,,,,,,,,,,,
,,,,,,,,,,,,,,,,,,,,,,
,,,,,,,,,,,,,,,,,,,,,,
,,,,,,,,,,,,,,,,,,,,,,
,,,,,,,,,,,,,,,,,,,,,,
,,,,,,,,,,,,,,,,,,,,,,
,,,,,,,,,,,,,,,,,,,,,,
,,,,,,,,,,,,,,,,,,,,,,
,,,,,,,,,,,,,,,,,,,,,,
,,,,,,,,,,,,,,,,,,,,,,
,,,,,,,,,,,,,,,,,,,,,,
,,,,,,,,,,,,,,,,,,,,,,
,,,,,,,,,,,,,,,,,,,,,,
,,,,,,,,,,,,,,,,,,,,,,
,,,,,,,,,,,,,,,,,,,,,,
,,,,,,,,,,,,,,,,,,,,,,
,,,,,,,,,,,,,,,,,,,,,,
,,,,,,,,,,,,,,,,,,,,,,
,,,,,,,,,,,,,,,,,,,,,,
,,,,,,,,,,,,,,,,,,,,,,
,,,,,,,,,,,,,,,,,,,,,,
,,,,,,,,,,,,,,,,,,,,,,
,,,,,,,,,,,,,,,,,,,,,,
,,,,,,,,,,,,,,,,,,,,,,
,,,,,,,,,,,,,,,,,,,,,,
,,,,,,,,,,,,,,,,,,,,,,
,,,,,,,,,,,,,,,,,,,,,,
,,,,,,,,,,,,,,,,,,,,,,
,,,,,,,,,,,,,,,,,,,,,,
,,,,,,,,,,,,,,,,,,,,,,
,,,,,,,,,,,,,,,,,,,,,,
,,,,,,,,,,,,,,,,,,,,,,
,,,,,,,,,,,,,,,,,,,,,,
,,,,,,,,,,,,,,,,,,,,,,
,,,,,,,,,,,,,,,,,,,,,,
,,,,,,,,,,,,,,,,,,,,,,
,,,,,,,,,,,,,,,,,,,,,,
,,,,,,,,,,,,,,,,,,,,,,
,,,,,,,,,,,,,,,,,,,,,,
,,,,,,,,,,,,,,,,,,,,,,
,,,,,,,,,,,,,,,,,,,,,,
,,,,,,,,,,,,,,,,,,,,,,
,,,,,,,,,,,,,,,,,,,,,,
,,,,,,,,,,,,,,,,,,,,,,
,,,,,,,,,,,,,,,,,,,,,,
,,,,,,,,,,,,,,,,,,,,,,
,,,,,,,,,,,,,,,,,,,,,,
,,,,,,,,,,,,,,,,,,,,,,
,,,,,,,,,,,,,,,,,,,,,,
,,,,,,,,,,,,,,,,,,,,,,
,,,,,,,,,,,,,,,,,,,,,,
,,,,,,,,,,,,,,,,,,,,,,
,,,,,,,,,,,,,,,,,,,,,,
,,,,,,,,,,,,,,,,,,,,,,
,,,,,,,,,,,,,,,,,,,,,,
,,,,,,,,,,,,,,,,,,,,,,
,,,,,,,,,,,,,,,,,,,,,,
,,,,,,,,,,,,,,,,,,,,,,
,,,,,,,,,,,,,,,,,,,,,,
,,,,,,,,,,,,,,,,,,,,,,
,,,,,,,,,,,,,,,,,,,,,,
,,,,,,,,,,,,,,,,,,,,,,
,,,,,,,,,,,,,,,,,,,,,,
,,,,,,,,,,,,,,,,,,,,,,
,,,,,,,,,,,,,,,,,,,,,,
,,,,,,,,,,,,,,,,,,,,,,
,,,,,,,,,,,,,,,,,,,,,,
,,,,,,,,,,,,,,,,,,,,,,
,,,,,,,,,,,,,,,,,,,,,,
,,,,,,,,,,,,,,,,,,,,,,
,,,,,,,,,,,,,,,,,,,,,,
,,,,,,,,,,,,,,,,,,,,,,
,,,,,,,,,,,,,,,,,,,,,,
,,,,,,,,,,,,,,,,,,,,,,
,,,,,,,,,,,,,,,,,,,,,,
,,,,,,,,,,,,,,,,,,,,,,
,,,,,,,,,,,,,,,,,,,,,,
,,,,,,,,,,,,,,,,,,,,,,
,,,,,,,,,,,,,,,,,,,,,,
,,,,,,,,,,,,,,,,,,,,,,
,,,,,,,,,,,,,,,,,,,,,,
,,,,,,,,,,,,,,,,,,,,,,
,,,,,,,,,,,,,,,,,,,,,,
,,,,,,,,,,,,,,,,,,,,,,
,,,,,,,,,,,,,,,,,,,,,,
,,,,,,,,,,,,,,,,,,,,,,
,,,,,,,,,,,,,,,,,,,,,,
,,,,,,,,,,,,,,,,,,,,,,
,,,,,,,,,,,,,,,,,,,,,,
,,,,,,,,,,,,,,,,,,,,,,
,,,,,,,,,,,,,,,,,,,,,,
,,,,,,,,,,,,,,,,,,,,,,
,,,,,,,,,,,,,,,,,,,,,,
,,,,,,,,,,,,,,,,,,,,,,
,,,,,,,,,,,,,,,,,,,,,,
,,,,,,,,,,,,,,,,,,,,,,
,,,,,,,,,,,,,,,,,,,,,,
,,,,,,,,,,,,,,,,,,,,,,
,,,,,,,,,,,,,,,,,,,,,,
,,,,,,,,,,,,,,,,,,,,,,
,,,,,,,,,,,,,,,,,,,,,,
,,,,,,,,,,,,,,,,,,,,,,
,,,,,,,,,,,,,,,,,,,,,,
,,,,,,,,,,,,,,,,,,,,,,
,,,,,,,,,,,,,,,,,,,,,,
,,,,,,,,,,,,,,,,,,,,,,
,,,,,,,,,,,,,,,,,,,,,,
,,,,,,,,,,,,,,,,,,,,,,
,,,,,,,,,,,,,,,,,,,,,,
,,,,,,,,,,,,,,,,,,,,,,
,,,,,,,,,,,,,,,,,,,,,,
,,,,,,,,,,,,,,,,,,,,,,
,,,,,,,,,,,,,,,,,,,,,,
,,,,,,,,,,,,,,,,,,,,,,
,,,,,,,,,,,,,,,,,,,,,,
,,,,,,,,,,,,,,,,,,,,,,
,,,,,,,,,,,,,,,,,,,,,,
,,,,,,,,,,,,,,,,,,,,,,
,,,,,,,,,,,,,,,,,,,,,,
,,,,,,,,,,,,,,,,,,,,,,
,,,,,,,,,,,,,,,,,,,,,,
,,,,,,,,,,,,,,,,,,,,,,
,,,,,,,,,,,,,,,,,,,,,,
,,,,,,,,,,,,,,,,,,,,,,
,,,,,,,,,,,,,,,,,,,,,,
,,,,,,,,,,,,,,,,,,,,,,
,,,,,,,,,,,,,,,,,,,,,,
,,,,,,,,,,,,,,,,,,,,,,
,,,,,,,,,,,,,,,,,,,,,,
,,,,,,,,,,,,,,,,,,,,,,
,,,,,,,,,,,,,,,,,,,,,,
,,,,,,,,,,,,,,,,,,,,,,
,,,,,,,,,,,,,,,,,,,,,,
,,,,,,,,,,,,,,,,,,,,,,
,,,,,,,,,,,,,,,,,,,,,,
,,,,,,,,,,,,,,,,,,,,,,
,,,,,,,,,,,,,,,,,,,,,,
,,,,,,,,,,,,,,,,,,,,,,
,,,,,,,,,,,,,,,,,,,,,,
,,,,,,,,,,,,,,,,,,,,,,
,,,,,,,,,,,,,,,,,,,,,,
,,,,,,,,,,,,,,,,,,,,,,
,,,,,,,,,,,,,,,,,,,,,,
,,,,,,,,,,,,,,,,,,,,,,
,,,,,,,,,,,,,,,,,,,,,,
,,,,,,,,,,,,,,,,,,,,,,
,,,,,,,,,,,,,,,,,,,,,,
,,,,,,,,,,,,,,,,,,,,,,
,,,,,,,,,,,,,,,,,,,,,,
,,,,,,,,,,,,,,,,,,,,,,
,,,,,,,,,,,,,,,,,,,,,,
,,,,,,,,,,,,,,,,,,,,,,
,,,,,,,,,,,,,,,,,,,,,,
,,,,,,,,,,,,,,,,,,,,,,
,,,,,,,,,,,,,,,,,,,,,,
,,,,,,,,,,,,,,,,,,,,,,
,,,,,,,,,,,,,,,,,,,,,,
,,,,,,,,,,,,,,,,,,,,,,
,,,,,,,,,,,,,,,,,,,,,,
,,,,,,,,,,,,,,,,,,,,,,
,,,,,,,,,,,,,,,,,,,,,,
,,,,,,,,,,,,,,,,,,,,,,
,,,,,,,,,,,,,,,,,,,,,,
,,,,,,,,,,,,,,,,,,,,,,
,,,,,,,,,,,,,,,,,,,,,,
,,,,,,,,,,,,,,,,,,,,,,
,,,,,,,,,,,,,,,,,,,,,,
,,,,,,,,,,,,,,,,,,,,,,
,,,,,,,,,,,,,,,,,,,,,,
,,,,,,,,,,,,,,,,,,,,,,
,,,,,,,,,,,,,,,,,,,,,,
,,,,,,,,,,,,,,,,,,,,,,
,,,,,,,,,,,,,,,,,,,,,,
,,,,,,,,,,,,,,,,,,,,,,
,,,,,,,,,,,,,,,,,,,,,,
,,,,,,,,,,,,,,,,,,,,,,
,,,,,,,,,,,,,,,,,,,,,,
,,,,,,,,,,,,,,,,,,,,,,
,,,,,,,,,,,,,,,,,,,,,,
,,,,,,,,,,,,,,,,,,,,,,
